reqMsg,resMsg
이 사이트는 어떤 서비스를 제공하나요?,"저희 사이트는 다음의 서비스를 제공합니다.

1. 종목추천
강화학습을 통해 자산가치가 높아질 가능성이 있는 상위 5개의 종목을 추천합니다. 차트 지표와 뉴스를 바탕으로 chatgpt가 분석한 내용을 사이트 사용자들에게 제공합니다.

2. 종목조회
주식종목들의 매매동향신호와 기술 지표들을 조회할 수 있습니다. TradingView에서 제공하는 실시간 고급 차트, 주식종목들의 유형별 히트맵 시각화 도구를 통해 쉽게 조회할 수 있는 것이 장점입니다. 또한, 간단한 기업 정보와 관련 뉴스들도 확인할 수 있습니다.

3. 챗봇
현재 이용하는 서비스가 이에 해당됩니다. 관리자AI와 다양한 주제를 실시간으로 소통하실 수 있으며, 이를 통해 사이트의 보조 정보들을 얻으실 수 있습니다."
이 사이트를 만든 개발자들에 대해 알려줘,"저희는 이 사이트의 관리자이며, 총 4명으로 구성되어있습니다. 한성대학교 Capstone 프로젝트 418팀에 속해 있으며, 관리자 정보는 다음과 같습니다.

1. 손재경
2. 박주승(팀장)
3. 김상헌
4. 김원준

개인연락처가 궁금하시다면 사이트의 최하단 Footer를 참고하시길 바랍니다."
이 사이트는 어떤 기술을 적용했는지 설명해줘,"자세히 말씀드리기 어렵기에 어떤 기술이 사용되었는지 간략히 설명드리겠습니다. 자세한 정보를 얻고 싶으시다면, Github 사이트를 방문해주시길 바랍니다.

1. 프론트 프레임워크 : React
2. 백엔드 프레임워크 : Spring Boot
3. 강화학습(Python)
4. Chatgpt 3.5-turbo API(Python)
5. Naver 개발자 API(뉴스)(python)
6. TradingView API 및 Widget"
삼성전자를 추천해준 이유에 대해 자세히 알려줘,"저희 사이트의 의의는 사용자들의 투자를 도와주기 위함입니다. 하나의 보조 지표를 제공해주는 어시스턴트로써, 추천 이유에 대해 자세히 말씀드릴 수 없습니다. 강화학습의 타겟변수인 자산가치를 기준으로 선정된 5개의 종목들을 제시만할 뿐입니다. 다시 말해, 선정 종목들에 대한 투자 분석 내용을 사용자들에게 알려주어, 실제 투자에 도움이 되실 수 있도록 하는 것이 저희 사이트의 운영방침입니다. 투자 결과에 대한 책임은 본인에게 있음을 말씀드립니다."
